Ticker,Preço,Market Cap,FCO,Adjusted FCO,Capex,Capex (Raw),Depreciação,Ajuste Expansão,Juros,Impostos,Arrendamentos,FCF,FCF Yield,Rev Growth 5Y,Setor,Status
BHIA3.SA,1.07,1084714752,15129000000.0,15129000000.0,-265000000.0,-265000000.0,1037000000.0,False,2874000000.0,644000000.0,3217000000.0,8129000000.0,7.494136117363323,-0.018698143807364342,Consumer Cyclical,🟢 Barato
MGLU3.SA,6.63,5142777344,15719373000.0,15719373000.0,-891615000.0,-891615000.0,1284787000.0,False,1176904000.0,330099000.0,3583872000.0,9736883000.0,1.8933121830288595,0.012396387850930779,Consumer Cyclical,🟢 Barato
RAPT4.SA,4.85,1691135744,2581808000.0,2581808000.0,-451884000.0,-451884000.0,470064000.0,False,976962000.0,59079000.0,541456000.0,552427000.0,0.32666035352866385,0.05627767109252635,Industrials,🟢 Barato
SAPR11.SA,32.94,9955817472,7060384000.0,7060384000.0,-2615418000.0,-2615418000.0,626251000.0,False,598306000.0,223087000.0,562314000.0,3061259000.0,0.30748444400568453,0.08294191723898847,Utilities,🟢 Barato
JHSF3.SA,11.63,7647659520,3653063000.0,3653063000.0,-896164000.0,-896164000.0,50998000.0,False,520559000.0,247737000.0,0.0,1988603000.0,0.26002765876271644,0.21577332275029826,Real Estate,🟢 Barato
WIZC3.SA,7.73,1236083328,518243000.0,518243000.0,-19309000.0,-19309000.0,108115000.0,False,67993000.0,190136000.0,8448000.0,232357000.0,0.18797842729256517,0.1585297986853107,Financial Services,🟢 Barato
INTB3.SA,14.48,4738016768,920024000.0,920024000.0,-100149000.0,-100149000.0,116625000.0,False,104835000.0,3544000.0,17302000.0,694194000.0,0.14651573305702578,0.0176241186768884,Industrials,🟢 Barato
CMCSA,21.6,76650553344,33643000000.0,33643000000.0,-14408000000.0,-14408000000.0,16210000000.0,False,4409000000.0,6106000000.0,0.0,8720000000.0,0.1137630404423242,0.006220134237919117,Communication Services,🟢 Barato
GRND3.SA,3.82,3446251264,557697000.0,557697000.0,-136367000.0,-136367000.0,100270000.0,False,15028000.0,32969000.0,1498000.0,371835000.0,0.10789549905552098,0.00827666308251862,Consumer Cyclical,🟢 Barato
MDIA3.SA,16.15,5419488256,1407929000.0,1407929000.0,-276172000.0,-276172000.0,412058000.0,False,183725000.0,48453000.0,322005000.0,577574000.0,0.10657353106366801,0.010045740902856481,Consumer Defensive,🟢 Barato
POMO4.SA,4.13,5126958080,1438765000.0,1438765000.0,-320853000.0,-320853000.0,156471000.0,False,193073000.0,331941000.0,69708000.0,523190000.0,0.10204686518521329,0.18700953362713113,Industrials,🟢 Barato
PYPL,53.89,46453178368,6416000000.0,6416000000.0,-852000000.0,-852000000.0,963000000.0,False,441000000.0,1059000000.0,0.0,4064000000.0,0.08748594052715132,0.06426945232818149,Financial Services,🟡 Justo
EZTC3.SA,13.53,3752667648,503786000.0,503786000.0,-21775000.0,-21775000.0,20890000.0,False,81730000.0,53991000.0,20740000.0,325550000.0,0.08675162059008962,0.10157628206317448,Real Estate,🟡 Justo
INTU,268.03,71627268096,8838000000.0,8838000000.0,-221000000.0,-221000000.0,846000000.0,False,256000000.0,1451000000.0,752000000.0,6158000000.0,0.085972844751619,0.14286998540558393,Technology,🟡 Justo
ADBE,233.17,92685074432,10031000000.0,10031000000.0,-179000000.0,-179000000.0,818000000.0,False,263000000.0,1604000000.0,438000000.0,7547000000.0,0.08142627112563831,0.10522339932516123,Technology,🟡 Justo
CI,275.26,72734834688,9601000000.0,9601000000.0,-1212000000.0,-1212000000.0,2775000000.0,False,1408000000.0,1493000000.0,0.0,5488000000.0,0.07545215471432735,0.1514950529756025,Healthcare,🟡 Justo
CXSE3.SA,20.11,60330000384,3840433000.0,3840433000.0,0.0,0.0,0.0,False,2127000.0,538229000.0,0.0,3300077000.0,0.054700430614868796,0.1335930117098778,Financial Services,🔴 Caro
FIS,33.35,17237917696,2816000000.0,2816000000.0,-989000000.0,-989000000.0,1883000000.0,False,391000000.0,265000000.0,249000000.0,922000000.0,0.05348673872679802,0.031797154725512033,Technology,🔴 Caro
BMY,62.86,128405045248,14156000000.0,14156000000.0,-1311000000.0,-1311000000.0,4011000000.0,False,1891000000.0,2272000000.0,2028000000.0,6654000000.0,0.05182039371699564,0.01449177656319045,Healthcare,🔴 Caro
CRM,225.31,185430130688,14996000000.0,14996000000.0,-594000000.0,-594000000.0,3631000000.0,False,276000000.0,2063000000.0,2737000000.0,9326000000.0,0.050293876002771576,0.09820006113830493,Technology,🔴 Caro
PSA,285.58,53361274880,3186449000.0,3186449000.0,-289378000.0,-289378000.0,1151840000.0,False,304495000.0,7228000.0,0.0,2585348000.0,0.04844989190782992,0.048750479098311095,Real Estate,🔴 Caro
BEEF3.SA,3.92,3887532032,4702753000.0,4702753000.0,-1139514000.0,-1139514000.0,974417000.0,False,3188062000.0,149999000.0,38745000.0,186433000.0,0.04795664665021081,0.20964024206255472,Consumer Defensive,🔴 Caro
CURY3.SA,28.72,8847126528,747046000.0,747046000.0,-34480000.0,-34480000.0,34878000.0,False,168823000.0,139026000.0,0.0,404717000.0,0.04574558741972589,0.33737469598050485,Real Estate,🔴 Caro
ABEV3.SA,15.27,235409768448,24450400000.0,24450400000.0,-4590500000.0,-4590500000.0,6832100000.0,False,2720700000.0,3433300000.0,2975700000.0,10730200000.0,0.04558094624000367,0.03448415778904379,Consumer Defensive,🔴 Caro
BKNG,162.34,125793763328,9409000000.0,9409000000.0,-322000000.0,-322000000.0,768000000.0,False,1617000000.0,1428000000.0,557000000.0,5485000000.0,0.04360311556701089,0.1634869878187224,Consumer Cyclical,🔴 Caro
SLB,49.87,74014220288,6489000000.0,6489000000.0,-1946000000.0,-1946000000.0,2109000000.0,False,558000000.0,840000000.0,0.0,3145000000.0,0.042491834511832346,0.08326017106596773,Energy,🔴 Caro
LMT,512.21,118213337088,8557000000.0,8557000000.0,-1649000000.0,-1649000000.0,1687000000.0,False,1118000000.0,905000000.0,0.0,4885000000.0,0.04132359444656844,0.043838941337237536,Industrials,🔴 Caro
GILD,151.28,187580416000,10019000000.0,10019000000.0,-563000000.0,-563000000.0,2760000000.0,False,1024000000.0,1286000000.0,0.0,7146000000.0,0.038095661329592106,0.025736179862614117,Healthcare,🔴 Caro
PFE,28.72,163694624768,11704000000.0,11704000000.0,-2629000000.0,-2629000000.0,6592000000.0,False,2671000000.0,266000000.0,0.0,6138000000.0,0.03749664968351418,-0.14797605157261928,Healthcare,🔴 Caro
MULT3.SA,30.66,14998927360,1463917000.0,1463917000.0,-41592000.0,-41592000.0,137757000.0,False,673900000.0,186710000.0,0.0,561715000.0,0.0374503447158504,0.15072157423658994,Real Estate,🔴 Caro
CPLE3.SA,15.75,46771363840,3028446000.0,3028446000.0,-205888000.0,-205888000.0,1481886000.0,False,240952000.0,577618000.0,292962000.0,1711026000.0,0.03658276901766737,0.08344364161714024,Utilities,🔴 Caro
CPFE3.SA,44.5,51275325440,7162797000.0,7162797000.0,-390484000.0,-390484000.0,2397217000.0,False,2645164000.0,2348694000.0,0.0,1778455000.0,0.03468442149784237,0.04077951879854691,Utilities,🔴 Caro
ALOS3.SA,28.77,14389060608,1726228000.0,1726228000.0,-128137000.0,-128137000.0,634825000.0,False,827101000.0,72308000.0,220368000.0,478314000.0,0.03324150290492681,0.3702408540241322,Real Estate,🔴 Caro
HON,210.13,66598604800,6408000000.0,6408000000.0,-986000000.0,-986000000.0,1388000000.0,False,1344000000.0,1008000000.0,983000000.0,2087000000.0,0.031336992813398995,0.0182371617394117,Industrials,🔴 Caro
UNH,374.94,336544202752,19697000000.0,19697000000.0,-3622000000.0,-3622000000.0,4361000000.0,False,4002000000.0,1890000000.0,0.0,10183000000.0,0.030257540961131545,0.11352161443193465,Healthcare,🔴 Caro
MDT,87.09,111400116224,7330000000.0,7330000000.0,-1904000000.0,-1904000000.0,2958000000.0,False,715000000.0,1299000000.0,60000000.0,3352000000.0,0.030089735214098873,0.05207603643755454,Healthcare,🔴 Caro
IBM,219.99,207260155904,13193000000.0,13193000000.0,-1738000000.0,-1738000000.0,5021000000.0,False,1935000000.0,242000000.0,3347000000.0,5931000000.0,0.02861620929566007,0.03718179905928398,Technology,🔴 Caro
LWSA3.SA,4.02,2255578880,347654000.0,347654000.0,-122855000.0,-122855000.0,142027000.0,False,7375000.0,78974000.0,75473000.0,62977000.0,0.027920548715192794,0.09447071472706203,Technology,🔴 Caro
ABBV,263.29,465264345088,19030000000.0,19030000000.0,-1214000000.0,-1214000000.0,8139000000.0,False,2893000000.0,2364000000.0,0.0,12559000000.0,0.026993256914248594,0.017525049181538188,Healthcare,🔴 Caro
PG,148.32,344759926784,19556000000.0,19556000000.0,-4409000000.0,-4409000000.0,3160000000.0,False,877000000.0,4233000000.0,887000000.0,9150000000.0,0.026540207515859827,0.020025694093399382,Consumer Defensive,🔴 Caro
HYPE3.SA,23.73,16705823744,2574431000.0,2574431000.0,-799362000.0,-799362000.0,317223000.0,False,1043670000.0,290754000.0,0.0,440645000.0,0.02637672986094208,0.006704433804989085,Healthcare,🔴 Caro
CSMG3.SA,56.93,21586798592,2331554000.0,2331554000.0,-810108000.0,-810108000.0,946439000.0,False,524297000.0,333401000.0,96992000.0,566756000.0,0.026254749984559452,0.10483095451513536,Utilities,🔴 Caro
VBBR3.SA,37.96,45408243712,6666000000.0,6666000000.0,-1452000000.0,-1452000000.0,1068000000.0,False,2713000000.0,473000000.0,851000000.0,1177000000.0,0.025920403516706707,0.014146632171119222,Consumer Cyclical,🔴 Caro
QCOM,184.1,196629938176,14012000000.0,14012000000.0,-1192000000.0,-1192000000.0,1602000000.0,False,664000000.0,7122000000.0,0.0,5034000000.0,0.02560139135828927,0.0006330832838727929,Technology,🔴 Caro
PLD,132.61,128909041664,5008434000.0,5008434000.0,0.0,0.0,2626028000.0,False,972259000.0,204017000.0,643461000.0,3188697000.0,0.02473602284866335,0.13741104437395912,Real Estate,🔴 Caro
V,365.88,686886748160,23059000000.0,23059000000.0,-1482000000.0,-1482000000.0,1220000000.0,False,589000000.0,4136000000.0,0.0,16852000000.0,0.024533884290448674,0.10921242130254294,Financial Services,🔴 Caro
MA,563.58,493701693440,17648000000.0,17648000000.0,-1215000000.0,-1215000000.0,1143000000.0,False,722000000.0,3610000000.0,0.0,12101000000.0,0.024510752466095492,0.1382198495222513,Financial Services,🔴 Caro
NFLX,70.3,292724965376,10149273000.0,10149273000.0,-688220000.0,-688220000.0,16755555000.0,False,776510000.0,1741351000.0,0.0,6943192000.0,0.023719165842522497,0.12639718371360664,Communication Services,🔴 Caro
BBSE3.SA,38.76,75242790912,3710770000.0,3710770000.0,0.0,0.0,0.0,False,2186000.0,1924039000.0,0.0,1784545000.0,0.023717155867956967,0.09737349629767356,Financial Services,🔴 Caro
VLO,387.72,111635234816,5826000000.0,5826000000.0,-796000000.0,-796000000.0,3158000000.0,False,556000000.0,759000000.0,1084000000.0,2631000000.0,0.023567827884596475,-0.11397235202184985,Energy,🔴 Caro
AXP,305.4,206239612928,18428000000.0,18428000000.0,-2425000000.0,-2425000000.0,1777000000.0,False,8234000000.0,2962000000.0,3000000.0,4804000000.0,0.023293294298787872,0.10966360326420155,Financial Services,🔴 Caro
NOW,129.94,134340034560,5444000000.0,5444000000.0,-911000000.0,-911000000.0,738000000.0,False,23000000.0,513000000.0,912000000.0,3085000000.0,0.022964114979605377,0.22376517864742618,Technology,🔴 Caro
ABT,100.95,175836037120,9566000000.0,9566000000.0,-2171000000.0,-2171000000.0,3116000000.0,False,493000000.0,1942000000.0,931000000.0,4029000000.0,0.022913391736930428,0.005127944169646348,Healthcare,🔴 Caro
MRK,149.28,368299376640,16472000000.0,16472000000.0,-4112000000.0,-4112000000.0,5838000000.0,False,1357000000.0,2804000000.0,0.0,8199000000.0,0.022261780822980436,0.03122213027882159,Healthcare,🔴 Caro
PEP,128.69,175790538752,12087000000.0,12087000000.0,-4415000000.0,-4415000000.0,4178000000.0,False,1121000000.0,1949000000.0,719000000.0,3883000000.0,0.022088788324825716,0.028259092561689236,Consumer Defensive,🔴 Caro
DIS,105.41,182010068992,18101000000.0,18101000000.0,-8024000000.0,-8024000000.0,5326000000.0,False,1812000000.0,1428000000.0,2851000000.0,3986000000.0,0.02189988730884553,0.045093923223104904,Communication Services,🔴 Caro
JNJ,267.57,644816568320,24530000000.0,24530000000.0,-5217000000.0,-5217000000.0,7503000000.0,False,971000000.0,5777000000.0,0.0,12565000000.0,0.01948616182852862,0.05599284954178807,Healthcare,🔴 Caro
DHR,226.11,158952177664,6416000000.0,6416000000.0,-1156000000.0,-1156000000.0,2447000000.0,False,265000000.0,633000000.0,1278000000.0,3084000000.0,0.01940206196180019,-0.026665255865112814,Healthcare,🔴 Caro
HBSA3.SA,3.35,4557281792,1055645000.0,1055645000.0,-316677000.0,-316677000.0,371933000.0,False,272656000.0,131837000.0,247140000.0,87335000.0,0.019163835809607097,0.08226708056509158,Industrials,🔴 Caro
AMGN,423.64,229033345024,9958000000.0,9958000000.0,-1858000000.0,-1858000000.0,5167000000.0,False,2755000000.0,1265000000.0,0.0,4080000000.0,0.017813999963946142,0.11766399097603264,Healthcare,🔴 Caro
TMO,679.61,251283947520,7818000000.0,7818000000.0,-1525000000.0,-1525000000.0,2780000000.0,False,1419000000.0,547000000.0,0.0,4327000000.0,0.01721956393436397,-0.0026639607700198464,Healthcare,🔴 Caro
EOG,139.66,74386907136,10044000000.0,10044000000.0,-6594000000.0,-6594000000.0,4461000000.0,False,235000000.0,1382000000.0,589000000.0,1244000000.0,0.01672337307593151,-0.08514403108878354,Energy,🔴 Caro
CVX,204.38,400912482304,33939000000.0,33939000000.0,-17347000000.0,-17347000000.0,20457000000.0,False,1217000000.0,7258000000.0,1445000000.0,6672000000.0,0.016642036091410146,-0.07852874895364959,Energy,🔴 Caro
NEM,117.09,123376828416,10334000000.0,10334000000.0,-3035000000.0,-3035000000.0,2521000000.0,False,229000000.0,4596000000.0,474000000.0,2000000000.0,0.016210499375591277,0.23911830284606483,Basic Materials,🔴 Caro
WM,207.09,82777022464,6043000000.0,6043000000.0,-3227000000.0,-3227000000.0,2863000000.0,False,912000000.0,717000000.0,0.0,1187000000.0,0.014339728159662063,0.08563152473174229,Industrials,🔴 Caro
SCHW,99.1,171377164288,9311000000.0,9311000000.0,-548000000.0,-548000000.0,1362000000.0,False,3754000000.0,2607000000.0,37000000.0,2365000000.0,0.013799971599632773,0.048342956030810846,Financial Services,🔴 Caro
AVGO,355.1,1695116034048,27537000000.0,27537000000.0,-623000000.0,-623000000.0,8775000000.0,False,3210000000.0,397000000.0,39000000.0,23268000000.0,0.013726493958313374,0.24378426000041764,Technology,🔴 Caro
ISRG,412.18,147675037696,3030500000.0,3030500000.0,-539800000.0,-539800000.0,677100000.0,False,0.0,434800000.0,87000000.0,1968900000.0,0.01333265276730876,0.17386716793068868,Healthcare,🔴 Caro
NVDA,227.21,5486440087552,102718000000.0,102718000000.0,-6042000000.0,-6042000000.0,2843000000.0,False,259000000.0,21383000000.0,2572000000.0,72462000000.0,0.013207471300817921,1.0004509499443963,Technology,🔴 Caro
AAPL,329.4,4807323025408,111482000000.0,111482000000.0,-12715000000.0,-12715000000.0,11698000000.0,False,3933000000.0,20719000000.0,12842000000.0,61273000000.0,0.012745763011171841,0.01812535743479393,Technology,🔴 Caro
TOTS3.SA,34.64,19636193280,1203183000.0,1203183000.0,-257628000.0,-257628000.0,341084000.0,False,261972000.0,200256000.0,258933000.0,224394000.0,0.011427571362752445,0.1502186881015266,Technology,🔴 Caro
CAT,826.64,379985657856,11739000000.0,11739000000.0,-4286000000.0,-4286000000.0,2262000000.0,False,502000000.0,2768000000.0,6000000.0,4177000000.0,0.01099252014817602,0.0438323160905727,Industrials,🔴 Caro
TAEE11.SA,40.56,41918763008,1531430000.0,1531430000.0,-43797000.0,-43797000.0,63258000.0,False,915554000.0,119011000.0,614000.0,452454000.0,0.010793591402342938,0.2090241036104803,Utilities,🔴 Caro
EMR,157.24,88070119424,3098000000.0,3098000000.0,-431000000.0,-431000000.0,1518000000.0,False,387000000.0,696000000.0,643000000.0,941000000.0,0.010684668150269,0.09282630664203761,Industrials,🔴 Caro
ALPA4.SA,14.01,9517434880,612229000.0,612229000.0,-221599000.0,-221599000.0,260534000.0,False,120637000.0,10306000.0,163418000.0,96269000.0,0.010115015360105097,0.029641947460103957,Consumer Cyclical,🔴 Caro
CMIG4.SA,10.96,31353073664,4077000000.0,4077000000.0,-1078000000.0,-1078000000.0,1533000000.0,False,1503000000.0,771000000.0,417000000.0,308000000.0,0.009823598263466255,0.10361338553826949,Utilities,🔴 Caro
RTX,186.94,251949891584,10567000000.0,10567000000.0,-3119000000.0,-3119000000.0,4378000000.0,False,1835000000.0,1664000000.0,1602000000.0,2347000000.0,0.009315344353770088,0.09723101071987417,Industrials,🔴 Caro
GE,317.89,329830760448,8537000000.0,8537000000.0,-1273000000.0,-1273000000.0,1220000000.0,False,843000000.0,1405000000.0,1973000000.0,3043000000.0,0.009225943619893965,0.1631543559703441,Industrials,🔴 Caro
GOOGL,340.92,4169429680128,164713000000.0,164713000000.0,-91447000000.0,-91447000000.0,21136000000.0,False,736000000.0,26656000000.0,12744000000.0,33130000000.0,0.007945930868651302,0.12511745609215974,Communication Services,🔴 Caro
XOM,161.35,663457038336,51970000000.0,51970000000.0,-28358000000.0,-28358000000.0,25993000000.0,False,603000000.0,11504000000.0,6313000000.0,5192000000.0,0.007825676268386459,-0.06688991546295975,Energy,🔴 Caro
BMOB3.SA,27.64,2305940480,117610000.0,117610000.0,-56611000.0,-56611000.0,69403000.0,False,1268000.0,37192000.0,5485000.0,17054000.0,0.0073956809154068015,0.04752684730692991,Communication Services,🔴 Caro
LIN,473.37,218214170624,10350000000.0,10350000000.0,-5261000000.0,-5261000000.0,3763000000.0,False,464000000.0,1989000000.0,1080000000.0,1556000000.0,0.007130609325464519,0.006176060609136114,Basic Materials,🔴 Caro
UNP,274.15,162865807360,9290000000.0,9290000000.0,-3791000000.0,-3791000000.0,2465000000.0,False,1309000000.0,2028000000.0,1008000000.0,1154000000.0,0.00708558793712414,-0.004915242301498868,Industrials,🔴 Caro
DIRR3.SA,10.16,5272010752,398423000.0,398423000.0,-79333000.0,-79333000.0,80743000.0,False,94439000.0,98803000.0,88976000.0,36872000.0,0.006993915933500737,0.26164471424793234,Real Estate,🔴 Caro
AMAT,512.01,406329819136,7958000000.0,7958000000.0,-2260000000.0,-2260000000.0,435000000.0,False,269000000.0,2273000000.0,495000000.0,2661000000.0,0.00654886713866637,0.032334704568867556,Technology,🔴 Caro
CMIG3.SA,16.57,47401500672,4077000000.0,4077000000.0,-1078000000.0,-1078000000.0,1533000000.0,False,1503000000.0,771000000.0,417000000.0,308000000.0,0.00649768458030982,0.10361338553826949,Utilities,🔴 Caro
WEGE3.SA,50.29,211008274432,6451033000.0,6451033000.0,-2691321000.0,-2691321000.0,1001296000.0,False,179358000.0,1371719000.0,847153000.0,1361482000.0,0.006452268299264038,0.10914428739363924,Industrials,🔴 Caro
MPC,392.03,114447917056,8253000000.0,8253000000.0,-3486000000.0,-3486000000.0,3251000000.0,False,1412000000.0,1137000000.0,1482000000.0,736000000.0,0.00643087282785471,-0.09232974945771899,Energy,🔴 Caro
COST,924.59,409839304704,13335000000.0,13335000000.0,-5498000000.0,-5498000000.0,2426000000.0,False,154000000.0,2719000000.0,2460000000.0,2504000000.0,0.006109711712029364,0.06640442726947482,Consumer Defensive,🔴 Caro
AMD,607.57,991842861056,7709000000.0,7709000000.0,-974000000.0,-974000000.0,3004000000.0,False,131000000.0,103000000.0,625000000.0,5876000000.0,0.005924325546633377,0.13643599335368428,Technology,🔴 Caro
SAUD3.SA,13.11,38326657024,590054000.0,590054000.0,-84967000.0,-84967000.0,310277000.0,False,42599000.0,247113000.0,20822000.0,194553000.0,0.0050761797429442305,0.09281702284438298,Healthcare,🔴 Caro
NSC,313.0,70302416896,4361000000.0,4361000000.0,-2204000000.0,-2204000000.0,1393000000.0,False,792000000.0,792000000.0,218000000.0,355000000.0,0.005049613024331151,-0.015000939727698559,Industrials,🔴 Caro
PSX,252.25,100653031424,4962000000.0,4962000000.0,-2233000000.0,-2233000000.0,3251000000.0,False,1086000000.0,892000000.0,290000000.0,461000000.0,0.004580090569334585,-0.0799841840778086,Energy,🔴 Caro
MSFT,508.96,3779305668608,182935000000.0,182935000000.0,-115948000000.0,-115948000000.0,38534000000.0,False,3051000000.0,32185000000.0,16532000000.0,15219000000.0,0.004026930165086511,0.1612397915820203,Technology,🔴 Caro
TXN,281.69,257252737024,7153000000.0,7153000000.0,-4550000000.0,-4550000000.0,1999000000.0,False,543000000.0,709000000.0,344000000.0,1007000000.0,0.003914438429885601,-0.040677564911326236,Technology,🔴 Caro
COP,125.44,150695772160,19796000000.0,19796000000.0,-12553000000.0,-12553000000.0,11681000000.0,False,1233000000.0,4668000000.0,801000000.0,541000000.0,0.0035900144525992253,-0.09106174739359629,Energy,🔴 Caro
TTEN3.SA,10.22,5109596160,602294000.0,602294000.0,-47369000.0,-47369000.0,119388000.0,False,264053000.0,227325000.0,45508000.0,18039000.0,0.003530415992797364,0.33609701451603646,Basic Materials,🔴 Caro
KO,86.84,373633351680,7408000000.0,7408000000.0,-2112000000.0,-2112000000.0,1050000000.0,False,1654000000.0,2861000000.0,0.0,781000000.0,0.002090284490097905,0.03689014114187783,Consumer Defensive,🔴 Caro
FESA4.SA,5.35,1812941568,403186000.0,403186000.0,-300116000.0,-300116000.0,202201000.0,False,38367000.0,15916000.0,47421000.0,1366000.0,0.0007534716088544118,-0.09399499445480808,Basic Materials,🔴 Caro
LLY,1184.63,1055928287232,16813000000.0,16813000000.0,-10849000000.0,-10849000000.0,1997000000.0,False,780600000.0,5091000000.0,0.0,92400000.0,8.750594251264586e-05,0.31687374880620434,Healthcare,🔴 Caro
IGTI11.SA,26.14,0,328860000.0,328860000.0,-167010000.0,-167010000.0,127300000.0,False,562290000.0,94090000.0,931596000.0,-1426126000.0,0.0,0.13520487802388748,Real Estate,🔴 Caro
B3SA3.SA,17.9,89153650688,4358630000.0,4358630000.0,-287273000.0,-287273000.0,387023000.0,False,1720743000.0,2359029000.0,0.0,-8415000.0,-9.438760987420397e-05,0.03473352269584851,Financial Services,🔴 Caro
EMBJ3.SA,100.46,71510761472,870000000.0,870000000.0,-483900000.0,-483900000.0,259500000.0,False,197000000.0,91400000.0,118100000.0,-20400000.0,-0.0002852717490358092,0.18616182663556513,Industrials,🔴 Caro
TSLA,352.84,1393558290432,14747000000.0,14747000000.0,-8527000000.0,-8527000000.0,6148000000.0,False,338000000.0,1423000000.0,6566000000.0,-2107000000.0,-0.0015119568477805364,0.051943257367141005,Consumer Cyclical,🔴 Caro
META,738.79,1882072023040,115800000000.0,115800000000.0,-69691000000.0,-69691000000.0,18616000000.0,False,1165000000.0,25474000000.0,25153000000.0,-5683000000.0,-0.0030195443800394976,0.19893831442939258,Communication Services,🔴 Caro
MU,1065.08,1202894012416,17525000000.0,17525000000.0,-15857000000.0,-15857000000.0,8352000000.0,False,477000000.0,1124000000.0,3745000000.0,-3678000000.0,-0.0030576259936756817,0.06713489726936261,Technology,🔴 Caro
PPG,106.02,23568244736,1941000000.0,1941000000.0,-778000000.0,-778000000.0,528000000.0,False,241000000.0,458000000.0,588000000.0,-124000000.0,-0.0052613167161571685,0.005541161450504539,Basic Materials,🔴 Caro
BLK,1067.94,173514817536,3927000000.0,3927000000.0,-375000000.0,-375000000.0,1126000000.0,False,614000000.0,1677000000.0,2228000000.0,-967000000.0,-0.0055730110761253665,0.1065430569599104,Financial Services,🔴 Caro
CSX,46.93,86936649728,4613000000.0,4613000000.0,-2902000000.0,-2902000000.0,1680000000.0,False,844000000.0,880000000.0,479000000.0,-492000000.0,-0.0056592933077054125,-0.01737875164321634,Industrials,🔴 Caro
LOW,187.26,105062973440,9864000000.0,9864000000.0,-2213000000.0,-2213000000.0,2194000000.0,False,1527000000.0,2093000000.0,4756000000.0,-725000000.0,-0.006900623276325198,-0.038458186348783285,Consumer Cyclical,🔴 Caro
DE,680.5,183480090624,7459000000.0,7459000000.0,-4228000000.0,-4228000000.0,2229000000.0,False,3170000000.0,1259000000.0,353000000.0,-1551000000.0,-0.008453233234871328,-0.0450056665565175,Industrials,🔴 Caro
VALE3.SA,69.61,296243658752,8801000000.0,8801000000.0,-6006000000.0,-6006000000.0,3105000000.0,False,2041000000.0,2670000000.0,668000000.0,-2584000000.0,-0.008722549575865157,-0.04316988050205395,Basic Materials,🔴 Caro
INTC,115.93,612818157568,9697000000.0,9697000000.0,-14646000000.0,-14646000000.0,11706000000.0,False,1091000000.0,1531000000.0,0.0,-7571000000.0,-0.012354398946085244,-0.05712887978236014,Technology,🔴 Caro
TEND3.SA,27.33,3351841280,290321000.0,290321000.0,-119621000.0,-119621000.0,64473000.0,False,133596000.0,38639000.0,40500000.0,-42035000.0,-0.012540868283596053,0.20042589313004133,Real Estate,🔴 Caro
HD,288.04,287374508032,16325000000.0,16325000000.0,-3679000000.0,-3679000000.0,4121000000.0,False,2412000000.0,4446000000.0,9578000000.0,-3790000000.0,-0.013188365335376137,0.015185146415588768,Consumer Cyclical,🔴 Caro
MMM,168.49,86894075904,2306000000.0,2306000000.0,-910000000.0,-910000000.0,1308000000.0,False,946000000.0,1003000000.0,615000000.0,-1168000000.0,-0.013441652815209159,-0.01570080136859997,Industrials,🔴 Caro
NEE,75.89,158276583424,12485000000.0,12485000000.0,-9274000000.0,-9274000000.0,6941000000.0,False,4572000000.0,802000000.0,0.0,-2163000000.0,-0.013665950788220117,0.09364770128221722,Utilities,🔴 Caro
DD,130.12,17568724992,560000000.0,560000000.0,-388000000.0,-388000000.0,647000000.0,False,313000000.0,102000000.0,9000000.0,-252000000.0,-0.01434367036394214,-0.19269293381346742,Basic Materials,🔴 Caro
PSSA3.SA,46.98,30113818624,1368371000.0,1368371000.0,-405442000.0,-405442000.0,422720000.0,False,50079000.0,1215437000.0,131337000.0,-433924000.0,-0.014409464485987601,0.2048804612977826,Financial Services,🔴 Caro
JBSS32.SA,59.25,194930229248,2931953000.0,2931953000.0,-2106394000.0,-2106394000.0,2308520000.0,False,1677957000.0,390506000.0,1767285000.0,-3010189000.0,-0.015442391934861405,0.05877232402278598,Consumer Defensive,🔴 Caro
KLBN11.SA,18.27,129827741696,6396244000.0,6396244000.0,-2831963000.0,-2831963000.0,4990437000.0,False,3163674000.0,701192000.0,1737531000.0,-2038116000.0,-0.015698617054992602,0.010941885899882209,Basic Materials,🔴 Caro
TGMA3.SA,36.58,2412003840,243240000.0,243240000.0,-83735000.0,-83735000.0,61720000.0,False,27372000.0,95410000.0,76067000.0,-39344000.0,-0.016311748492075367,0.17537708282088915,Industrials,🔴 Caro
WMT,106.8,847324119040,41565000000.0,41565000000.0,-26642000000.0,-26642000000.0,14203000000.0,False,2799000000.0,7199000000.0,22333000000.0,-17408000000.0,-0.020544676598752896,0.05272290929168877,Consumer Defensive,🔴 Caro
ITSA4.SA,14.16,158696079360,166000000.0,166000000.0,-931000000.0,-931000000.0,1261000000.0,False,1492000000.0,161000000.0,901000000.0,-3319000000.0,-0.020914190277321797,-0.009397486982483882,Industrials,🔴 Caro
FCX,70.79,101655683072,5610000000.0,5610000000.0,-4494000000.0,-4494000000.0,2244000000.0,False,369000000.0,2221000000.0,1113000000.0,-2587000000.0,-0.025448650993449104,0.04391666611007472,Basic Materials,🔴 Caro
UPS,93.93,79913910272,8450000000.0,8450000000.0,-3685000000.0,-3685000000.0,3746000000.0,False,1017000000.0,1592000000.0,4463000000.0,-2307000000.0,-0.028868566087527817,-0.04040260188163358,Industrials,🔴 Caro
EQTL3.SA,39.77,49963003904,3973867000.0,3973867000.0,-37507000.0,-37507000.0,3138652000.0,False,4975134000.0,421765000.0,100132000.0,-1560671000.0,-0.03123653259517196,0.23390296686561318,Utilities,🔴 Caro
VULC3.SA,13.44,4221677568,541593000.0,541593000.0,-241397000.0,-241397000.0,130952000.0,False,92019000.0,311190000.0,38430000.0,-141443000.0,-0.03350397980938368,0.11958868088674746,Consumer Cyclical,🔴 Caro
AMZN,246.67,2660659888128,139514000000.0,139514000000.0,-131819000000.0,-131819000000.0,65756000000.0,False,2274000000.0,8295000000.0,87339000000.0,-90213000000.0,-0.03390625025112567,0.11731283601806397,Consumer Cyclical,🔴 Caro
TGT,156.43,71064805376,6562000000.0,6562000000.0,-3727000000.0,-3727000000.0,3134000000.0,False,445000000.0,1062000000.0,3834000000.0,-2506000000.0,-0.03526358774559208,-0.013437328806924498,Consumer Defensive,🔴 Caro
EVEN3.SA,4.87,966224192,88842000.0,88842000.0,-35500000.0,-35500000.0,4127000.0,False,35376000.0,52266000.0,0.0,-34300000.0,-0.035499007667156406,-0.06081177547620453,Real Estate,🔴 Caro
NKE,35.84,53168594944,2868000000.0,2868000000.0,-684000000.0,-684000000.0,797000000.0,False,323000000.0,792000000.0,3091000000.0,-2022000000.0,-0.038029968670973496,-0.032401823147472864,Consumer Cyclical,🔴 Caro
BA,187.68,148228259840,1065000000.0,1065000000.0,-2951000000.0,-2951000000.0,1953000000.0,False,2771000000.0,397000000.0,585000000.0,-5639000000.0,-0.038042678272596796,0.10333066303739025,Industrials,🔴 Caro
TUPY3.SA,16.6,2177081088,915137000.0,915137000.0,-447934000.0,-447934000.0,381494000.0,False,353440000.0,201211000.0,0.0,-87448000.0,-0.04016754381911199,-0.016158294239874804,Industrials,🔴 Caro
EGIE3.SA,29.14,41273356288,3345511000.0,3345511000.0,-1752248000.0,-1752248000.0,1392171000.0,False,2374161000.0,768600000.0,126384000.0,-1675882000.0,-0.04060445165413537,0.026010609725442668,Utilities,🔴 Caro
FLRY3.SA,22.03,11976086528,2133775000.0,2133775000.0,-506070000.0,-506070000.0,900311000.0,False,723731000.0,156536000.0,1240974000.0,-493536000.0,-0.041210123093726535,0.22931134532154007,Healthcare,🔴 Caro
KEPL3.SA,6.55,1134837632,120350000.0,120350000.0,-69242000.0,-69242000.0,38000000.0,False,48799000.0,32365000.0,18003000.0,-48059000.0,-0.04234878950506992,-0.06365971166370565,Industrials,🔴 Caro
UGPA3.SA,38.35,40805101568,5452502000.0,5452502000.0,-2005243000.0,-2005243000.0,1586163000.0,False,2407496000.0,1063689000.0,1739633000.0,-1763559000.0,-0.043219081247993035,-0.002944740710881466,Energy,🔴 Caro
EQIX,1015.27,100178403328,3911000000.0,3911000000.0,-4311000000.0,-4311000000.0,2066000000.0,False,527000000.0,160000000.0,3814000000.0,-4901000000.0,-0.04892272023894559,0.08265773019010236,Real Estate,🔴 Caro
PETR3.SA,54.06,696764923904,36047000000.0,36047000000.0,-19521000000.0,-19521000000.0,15147000000.0,False,4096000000.0,7075000000.0,43352000000.0,-37997000000.0,-0.054533456975849735,-0.10514235108626313,Energy,🔴 Caro
PETR4.SA,49.1,670877155328,36047000000.0,36047000000.0,-19521000000.0,-19521000000.0,15147000000.0,False,4096000000.0,7075000000.0,43352000000.0,-37997000000.0,-0.05663779083582419,-0.10514235108626313,Energy,🔴 Caro
GGBR4.SA,24.2,47475613696,7987454000.0,7987454000.0,-6852841000.0,-6852841000.0,3683585000.0,False,1357148000.0,1106009000.0,1389161000.0,-2717705000.0,-0.057244231057280194,-0.0535973125019793,Basic Materials,🔴 Caro
GGPS3.SA,12.16,9148581888,786118000.0,786118000.0,-6582000.0,-6582000.0,419789000.0,False,952680000.0,274417000.0,110840000.0,-558401000.0,-0.06103689149161388,0.23306152860669838,Industrials,🔴 Caro
MTRE3.SA,3.37,356461120,35244000.0,35244000.0,-23925000.0,-23925000.0,9384000.0,False,614000.0,24459000.0,8067000.0,-21821000.0,-0.061215652355017004,0.11617206742759834,Real Estate,🔴 Caro
AXIA3.SA,54.8,125729177600,14509830000.0,14509830000.0,-2508723000.0,-2508723000.0,4576919000.0,False,6015871000.0,13539607000.0,488606000.0,-8042977000.0,-0.06397064828967751,0.06604806530225593,Utilities,🔴 Caro
VIVT3.SA,29.6,94589943808,20717402000.0,20717402000.0,-9457557000.0,-9457557000.0,14944404000.0,False,792803000.0,1093400000.0,15432854000.0,-6059212000.0,-0.06405767628215399,0.07448108235392281,Communication Services,🔴 Caro
AEP,119.3,64946610176,6944000000.0,6944000000.0,-8583000000.0,-8583000000.0,3489000000.0,False,2026000000.0,129000000.0,678000000.0,-4472000000.0,-0.06885655753058159,0.036603082441915236,Utilities,🔴 Caro
MCD,233.98,165573967872,10551000000.0,10551000000.0,-3365000000.0,-3365000000.0,2199000000.0,False,1582000000.0,2334000000.0,14841000000.0,-11571000000.0,-0.06988417411694316,0.050637859467043134,Consumer Cyclical,🔴 Caro
MILS3.SA,15.91,3625585152,305942000.0,305942000.0,-52359000.0,-52359000.0,275857000.0,False,298286000.0,115626000.0,95338000.0,-255667000.0,-0.07051744457276507,0.18945614589175497,Industrials,🔴 Caro
AMT,167.35,77978419200,5464000000.0,5464000000.0,-1680400000.0,-1680400000.0,2041600000.0,False,1359400000.0,415700000.0,7743600000.0,-5735100000.0,-0.07354727190981579,0.03340295998443743,Real Estate,🔴 Caro
APD,279.19,62171574272,3256800000.0,3256800000.0,-7022600000.0,-7022600000.0,1564200000.0,False,214000000.0,94300000.0,707800000.0,-4781900000.0,-0.07691457158667458,-0.01766923192508929,Basic Materials,🔴 Caro
DUK,114.21,89049792512,12330000000.0,12330000000.0,-14024000000.0,-14024000000.0,7704000000.0,False,3634000000.0,642000000.0,1033000000.0,-7003000000.0,-0.07864139603757418,0.03867971409471327,Utilities,🔴 Caro
UNIP6.SA,56.2,6276391936,1109123000.0,1109123000.0,-1075968000.0,-1075968000.0,316150000.0,False,385290000.0,166976000.0,10726000.0,-529837000.0,-0.08441744961161074,-0.10900178640452762,Basic Materials,🔴 Caro
SBUX,95.43,108790202368,4747500000.0,4747500000.0,-2305500000.0,-2305500000.0,1771500000.0,False,542600000.0,650600000.0,10536700000.0,-9287900000.0,-0.08537441605800322,0.048597955054982656,Consumer Cyclical,🔴 Caro
SO,83.45,95997788160,9802000000.0,9802000000.0,-12737000000.0,-12737000000.0,6030000000.0,False,3238000000.0,828000000.0,1484000000.0,-8485000000.0,-0.08838745311358641,0.003109733900695355,Utilities,🔴 Caro
USB,58.14,90585112576,7970000000.0,7970000000.0,0.0,0.0,875000000.0,False,14321000000.0,1921000000.0,0.0,-8272000000.0,-0.0913174335690081,0.05675735260226378,Financial Services,🔴 Caro
KLBN4.SA,3.6,22034561024,6396244000.0,6396244000.0,-2831963000.0,-2831963000.0,4990437000.0,False,3163674000.0,701192000.0,1737531000.0,-2038116000.0,-0.09249632873466769,0.010941885899882209,Basic Materials,🔴 Caro
LREN3.SA,11.35,10758196224,2801957000.0,2801957000.0,-799970000.0,-799970000.0,1290958000.0,False,253979000.0,257110000.0,2505491000.0,-1014593000.0,-0.0943088394071664,0.06052112152972322,Consumer Cyclical,🔴 Caro
CMIN3.SA,4.76,25568303104,1894347000.0,1894347000.0,-2364993000.0,-2364993000.0,1275994000.0,False,1331743000.0,799182000.0,134614000.0,-2736185000.0,-0.10701472791801897,0.10740833224279545,Basic Materials,🔴 Caro
CCI,67.07,28535296000,3057000000.0,3057000000.0,-182000000.0,-182000000.0,690000000.0,False,941000000.0,16000000.0,5229000000.0,-3311000000.0,-0.11603173837762187,-0.15173892561897784,Real Estate,🔴 Caro
MDNE3.SA,24.88,2572950016,-79066000.0,-79066000.0,-63614000.0,-63614000.0,16026000.0,False,98555000.0,61878000.0,0.0,-303113000.0,-0.11780757423000013,0.43385425020902346,Real Estate,🔴 Caro
ENEV3.SA,27.1,52041940992,5135586000.0,5135586000.0,-5659139000.0,-5659139000.0,2793602000.0,False,1296976000.0,740350000.0,4087599000.0,-6648478000.0,-0.12775230656792794,0.4430400318058705,Utilities,🔴 Caro
SBSP3.SA,27.06,95159009280,8361115000.0,8361115000.0,-13740392000.0,-13740392000.0,2208762000.0,False,3456991000.0,3239792000.0,276495000.0,-12352555000.0,-0.12980962174220737,0.19978759875104757,Utilities,🔴 Caro
BRSR6.SA,15.26,6240950272,15096357000.0,15096357000.0,-291030000.0,-291030000.0,407380000.0,False,15349812000.0,298830000.0,0.0,-843315000.0,-0.13512605664934227,0.07135175001457483,Financial Services,🔴 Caro
ORCL,137.79,417710505984,31977000000.0,31977000000.0,-55663000000.0,-55663000000.0,9294000000.0,False,4599000000.0,2467000000.0,26648000000.0,-57400000000.0,-0.1374157441043598,0.10476732816565715,Technology,🔴 Caro
RDOR3.SA,37.5,81473576960,-2103328000.0,-2103328000.0,-212263000.0,-212263000.0,892097000.0,False,5286372000.0,1093037000.0,3724444000.0,-12419444000.0,-0.1524352368387779,0.34334846666508323,Healthcare,🔴 Caro
ISAE4.SA,26.71,18848016384,-1215500000.0,-1215500000.0,-44449000.0,-44449000.0,34692000.0,False,1319831000.0,269294000.0,55636000.0,-2904710000.0,-0.15411223870039692,0.19968428736683408,Utilities,🔴 Caro
RENT3.SA,38.53,42560811008,2146418000.0,2146418000.0,-128752000.0,-128752000.0,5941749000.0,False,6199437000.0,1327398000.0,1304950000.0,-6814119000.0,-0.16010312864384033,0.32939899908526327,Industrials,🔴 Caro
POSI3.SA,3.54,490186400,297712000.0,297712000.0,-146797000.0,-146797000.0,82612000.0,False,199375000.0,7965000.0,23075000.0,-79500000.0,-0.16218320214514315,-0.11195388034051434,Technology,🔴 Caro
SMTO3.SA,17.57,5671126528,3224879000.0,3224879000.0,-2518096000.0,-2518096000.0,1086030000.0,False,789391000.0,295606000.0,560449000.0,-938663000.0,-0.16551614487272465,0.038913291103036984,Basic Materials,🔴 Caro
TIMS3.SA,18.53,44262043648,13440069000.0,13440069000.0,-4541495000.0,-4541495000.0,7077687000.0,False,2289334000.0,248027000.0,13764868000.0,-7403655000.0,-0.16726871128858364,0.07335065630428295,Communication Services,🔴 Caro
USIM5.SA,6.95,8555051520,2179444000.0,2179444000.0,-1170861000.0,-1170861000.0,1274791000.0,False,911357000.0,1429279000.0,104456000.0,-1436509000.0,-0.1679135416825637,-0.06827541535890946,Basic Materials,🔴 Caro
NATU3.SA,6.55,8995330048,-114984000.0,-114984000.0,-379474000.0,-379474000.0,813932000.0,False,468151000.0,20070000.0,593892000.0,-1576571000.0,-0.17526549794029303,0.18655230174306303,Consumer Defensive,🔴 Caro
LOGN3.SA,27.99,2969394944,467208000.0,467208000.0,-69316000.0,-69316000.0,285580000.0,False,272150000.0,307356000.0,340698000.0,-522312000.0,-0.1758984607471602,0.14230312912026033,Industrials,🔴 Caro
CYRE3.SA,27.13,9790479360,-358387000.0,-358387000.0,-632460000.0,-632460000.0,79338000.0,False,624722000.0,148031000.0,0.0,-1763600000.0,-0.18013418292932287,0.20303103959208912,Consumer Cyclical,🔴 Caro
GOAU4.SA,10.82,14311483392,7983723000.0,7983723000.0,-6852841000.0,-6852841000.0,3683585000.0,False,1274472000.0,1106045000.0,1389161000.0,-2638796000.0,-0.1843831228197536,-0.0535973125019793,Basic Materials,🔴 Caro
RECV3.SA,10.83,3173287936,1504449000.0,1504449000.0,-1639363000.0,-1639363000.0,721077000.0,False,300599000.0,137842000.0,26295000.0,-599650000.0,-0.18896803948899518,0.019948183375135597,Energy,🔴 Caro
BAC,54.96,384321454080,12613000000.0,12613000000.0,0.0,0.0,2314000000.0,False,78470000000.0,7186000000.0,0.0,-73043000000.0,-0.1900570452795889,0.06003133969580876,Financial Services,🔴 Caro
MRVE3.SA,5.38,3028049408,541982000.0,541982000.0,-300015000.0,-300015000.0,251608000.0,False,615871000.0,202239000.0,14000.0,-576157000.0,-0.19027331538178124,0.17956105859500293,Real Estate,🔴 Caro
RADL3.SA,18.14,31718445056,1509470000.0,1509470000.0,-1402977000.0,-1402977000.0,1048929000.0,False,1066003000.0,147812000.0,4966312000.0,-6073634000.0,-0.19148586853096963,0.1503692506450247,Healthcare,🔴 Caro
D,60.64,53334454272,5361000000.0,5361000000.0,-12641000000.0,-12641000000.0,2684000000.0,False,2022000000.0,532000000.0,436000000.0,-10270000000.0,-0.19255845288346068,0.05798731389635825,Utilities,🔴 Caro
FDX,287.47,68035649536,8925000000.0,8925000000.0,-3809000000.0,-3809000000.0,4369000000.0,False,970000000.0,1360000000.0,17229000000.0,-14443000000.0,-0.2122857663372158,0.016601213758559163,Industrials,🔴 Caro
PLPL3.SA,6.75,1370585984,-76132000.0,-76132000.0,-26810000.0,-26810000.0,22793000.0,False,82631000.0,86262000.0,21328000.0,-293163000.0,-0.21389610241337476,0.30044035364213917,Real Estate,🔴 Caro
RAIL3.SA,15.96,29617285120,7141811000.0,7141811000.0,-6096341000.0,-6096341000.0,2213331000.0,False,2697357000.0,689357000.0,4145148000.0,-6486392000.0,-0.21900697426246746,0.12057120928716492,Industrials,🔴 Caro
AURE3.SA,12.69,13256418304,1394795000.0,1394795000.0,-970265000.0,-970265000.0,1550238000.0,False,2887247000.0,440061000.0,164070000.0,-3066848000.0,-0.23134816129592164,0.33681492275065694,Utilities,🔴 Caro
ENGI11.SA,51.88,15889963008,6065954000.0,6065954000.0,-5644560000.0,-5644560000.0,2121832000.0,False,3779681000.0,194836000.0,148113000.0,-3701236000.0,-0.23292917662152937,0.10171941755017522,Utilities,🔴 Caro
MOTV3.SA,16.6,33364994048,5747434000.0,5747434000.0,-9632676000.0,-9632676000.0,1532081000.0,False,3153005000.0,997907000.0,26918000.0,-8063072000.0,-0.24166262365880223,-0.005786228095103763,Industrials,🔴 Caro
MS,192.76,302742339584,-17889000000.0,-17889000000.0,-2898000000.0,-2898000000.0,4658000000.0,False,49017000000.0,4929000000.0,0.0,-74733000000.0,-0.24685347976992927,0.09524171431647233,Financial Services,🔴 Caro
DOW,27.61,19943827456,1032000000.0,1032000000.0,-2479000000.0,-2479000000.0,2834000000.0,False,865000000.0,67000000.0,2563000000.0,-4942000000.0,-0.24779596649153843,-0.11108214737616817,Basic Materials,🔴 Caro
WFC,80.48,243371474944,-19001000000.0,-19001000000.0,0.0,0.0,7713000000.0,False,39830000000.0,3841000000.0,16000000.0,-62688000000.0,-0.25758154284278617,0.04018692169368365,Financial Services,🔴 Caro
SUZB3.SA,44.37,54644346880,18152175000.0,18152175000.0,-12574801000.0,-12574801000.0,11297258000.0,False,6146926000.0,6973487000.0,6929890000.0,-14472929000.0,-0.26485683929543197,0.001901043550497361,Basic Materials,🔴 Caro
IRBR3.SA,62.8,5097400832,250920000.0,250920000.0,-40495000.0,-40495000.0,85066000.0,False,1376956000.0,211616000.0,21550000.0,-1399697000.0,-0.2745903345903483,-0.14473927770226214,Financial Services,🔴 Caro
PRIO3.SA,61.6,49125289984,8171569000.0,8171569000.0,-17195029000.0,-17195029000.0,5855918000.0,False,1394912000.0,2484092000.0,644854000.0,-13547318000.0,-0.27577074872051305,0.34791082416969377,Energy,🔴 Caro
MBRF3.SA,16.85,23479103488,13078140000.0,13078140000.0,-5583917000.0,-5583917000.0,7232639000.0,False,6595879000.0,1508686000.0,5913224000.0,-6523566000.0,-0.2778456172031503,0.09357592515331503,Consumer Defensive,🔴 Caro
BRAV3.SA,18.23,8468620800,4871974000.0,4871974000.0,-874614000.0,-874614000.0,2435759000.0,False,2085606000.0,42221000.0,4240479000.0,-2370946000.0,-0.2799683745433495,0.8896996349927864,Energy,🔴 Caro
AGRO3.SA,17.62,1755224448,120821000.0,120821000.0,-63912000.0,-63912000.0,79540000.0,False,103744000.0,57293000.0,407565000.0,-511693000.0,-0.29152567956938574,-0.10567097764894684,Consumer Defensive,🔴 Caro
JPM,334.98,890439270400,-147782000000.0,-147782000000.0,0.0,0.0,8821000000.0,False,97898000000.0,15547000000.0,0.0,-261227000000.0,-0.2933686874374403,0.12497052294076494,Financial Services,🔴 Caro
AZZA3.SA,17.15,3467316480,1074977000.0,1074977000.0,-383747000.0,-383747000.0,697506000.0,False,480670000.0,554933000.0,770015000.0,-1114388000.0,-0.3213978321355886,0.40807359500591334,Consumer Cyclical,🔴 Caro
PNVL3.SA,12.46,1861220352,473100000.0,473100000.0,-160082000.0,-160082000.0,232540000.0,False,133938000.0,20935000.0,794291000.0,-636146000.0,-0.3417897291507803,0.11369081336183684,Healthcare,🔴 Caro
ITUB3.SA,46.96,517587107840,34466000000.0,34466000000.0,-7115000000.0,-7115000000.0,7386000000.0,False,219338000000.0,4401000000.0,3275000000.0,-199663000000.0,-0.38575728988543734,0.06609287527841978,Financial Services,🔴 Caro
SEER3.SA,13.41,1717022720,381118000.0,381118000.0,-92083000.0,-92083000.0,224640000.0,False,191576000.0,16304000.0,747304000.0,-666149000.0,-0.38796749294033805,0.09758199661424083,Consumer Defensive,🔴 Caro
DXCO3.SA,5.7,5174862336,850649000.0,850649000.0,-919471000.0,-919471000.0,1252903000.0,False,917184000.0,151274000.0,900665000.0,-2037945000.0,-0.3938162732992169,-0.009432705087873305,Basic Materials,🔴 Caro
ITUB4.SA,42.3,466225168384,34466000000.0,34466000000.0,-7115000000.0,-7115000000.0,7386000000.0,False,219338000000.0,4401000000.0,3275000000.0,-199663000000.0,-0.42825444343139857,0.06609287527841978,Financial Services,🔴 Caro
BPAC11.SA,62.85,211776847872,-24669200000.0,-24669200000.0,-1864079000.0,-1864079000.0,1142251000.0,False,64672341000.0,2775311000.0,0.0,-93980931000.0,-0.4437733961211992,0.20908904940205075,Financial Services,🔴 Caro
GS,916.24,266782867456,-45154000000.0,-45154000000.0,-2064000000.0,-2064000000.0,2182000000.0,False,66814000000.0,4676000000.0,2170000000.0,-120878000000.0,-0.45309506248536063,0.07158868405111818,Financial Services,🔴 Caro
MOVI3.SA,9.34,3959838976,1390409000.0,1390409000.0,-244502000.0,-244502000.0,2430030000.0,False,2307565000.0,29237000.0,759324000.0,-1950219000.0,-0.49249957178056725,0.16412818374336569,Industrials,🔴 Caro
CEAB3.SA,9.51,2815560448,1312329000.0,1312329000.0,-539905000.0,-539905000.0,720312000.0,False,366101000.0,139894000.0,1780243000.0,-1513814000.0,-0.5376599181435866,0.08886821988552862,Consumer Cyclical,🔴 Caro
SLCE3.SA,16.75,8307335168,1808281000.0,1808281000.0,-1523136000.0,-1523136000.0,716854000.0,False,1208463000.0,148468000.0,3417890000.0,-4489676000.0,-0.5404471962674998,0.008365120486843791,Consumer Defensive,🔴 Caro
YDUQ3.SA,10.41,2648881152,1372642000.0,1372642000.0,-460532000.0,-460532000.0,815619000.0,False,735868000.0,40571000.0,1580772000.0,-1445101000.0,-0.5455514676107296,0.0654840672936603,Consumer Defensive,🔴 Caro
BBAS3.SA,22.04,125823574016,159254089000.0,159254089000.0,-7366486000.0,-7366486000.0,5978276000.0,False,218451386000.0,11168302000.0,0.0,-77732085000.0,-0.6177863377979982,0.06079125321441681,Financial Services,🔴 Caro
QUAL3.SA,1.55,438450784,286480000.0,286480000.0,-182187000.0,-182187000.0,300325000.0,False,257261000.0,102796000.0,19086000.0,-274850000.0,-0.6268662527924685,-0.09910072198581132,Healthcare,🔴 Caro
CASH3.SA,5.29,551069120,40682000.0,40682000.0,-360136000.0,-360136000.0,17668000.0,False,122000.0,31805000.0,226000.0,-351607000.0,-0.6380451875075127,0.12861393470532767,Communication Services,🔴 Caro
ASAI3.SA,10.54,14077930496,5649000000.0,5649000000.0,-1122000000.0,-1122000000.0,1640000000.0,False,3098000000.0,263000000.0,10478000000.0,-9312000000.0,-0.6614608590833605,0.12345148944441697,Consumer Defensive,🔴 Caro
COGN3.SA,2.2,4409287680,1285616000.0,1285616000.0,-515606000.0,-515606000.0,915251000.0,False,901388000.0,7052000.0,2778487000.0,-2916917000.0,-0.6615392806486149,0.11921837835386029,Consumer Defensive,🔴 Caro
SANB11.SA,29.57,158893801472,4992175000.0,4992175000.0,-3655909000.0,-3655909000.0,2625783000.0,False,104860321000.0,3763871000.0,0.0,-107287926000.0,-0.6752178184805158,0.02637426438235546,Financial Services,🔴 Caro
VAMO3.SA,4.0,4887307264,-874643000.0,-874643000.0,-39817000.0,-39817000.0,1037831000.0,False,2284612000.0,104701000.0,91553000.0,-3395326000.0,-0.6947232528247277,0.05415398162371532,Industrials,🔴 Caro
DASA3.SA,3.88,4849327616,-36349000.0,-36349000.0,-290297000.0,-290297000.0,1123304000.0,False,1527995000.0,521956000.0,1207404000.0,-3584001000.0,-0.7390717402088595,-0.052426195451380386,Healthcare,🔴 Caro
C,130.8,219408744448,-67632000000.0,-67632000000.0,-6520000000.0,-6520000000.0,4373000000.0,False,83072000000.0,5373000000.0,0.0,-162597000000.0,-0.7410689141358976,0.04589654681078592,Financial Services,🔴 Caro
SMFT3.SA,16.76,10258442240,2092680000.0,2092680000.0,-2380427000.0,-2380427000.0,1757201000.0,False,1321328000.0,103897000.0,6274306000.0,-7987278000.0,-0.7786053489540338,0.3519767116201866,Consumer Cyclical,🔴 Caro
ABCB4.SA,25.18,6493029376,437650000.0,437650000.0,-81447000.0,-81447000.0,60614000.0,False,5504201000.0,15965000.0,0.0,-5163963000.0,-0.7953087381811963,0.0791110436926088,Financial Services,🔴 Caro
CSAN3.SA,3.72,14674890752,13026784000.0,13026784000.0,-8459867000.0,-8459867000.0,3890832000.0,False,7736284000.0,2203116000.0,6412800000.0,-11785283000.0,-0.803091702634571,0.009204042002940893,Energy,🔴 Caro
ECOR3.SA,8.67,6031036416,4808677000.0,4808677000.0,-6583185000.0,-6583185000.0,1358267000.0,False,1980630000.0,925734000.0,293224000.0,-4974096000.0,-0.8247497870853513,0.23872534513056043,Industrials,🔴 Caro
BBDC4.SA,17.78,188275572736,49767703000.0,49767703000.0,-11630468000.0,-11630468000.0,7063267000.0,False,193843753000.0,2900052000.0,3247389000.0,-161853959000.0,-0.8596652058891974,0.02673977457479859,Financial Services,🔴 Caro
BBDC3.SA,15.65,165720621056,49767703000.0,49767703000.0,-11630468000.0,-11630468000.0,7063267000.0,False,193843753000.0,2900052000.0,3247389000.0,-161853959000.0,-0.9766675864997308,0.02673977457479859,Financial Services,🔴 Caro
SBFG3.SA,7.83,1806099072,641706000.0,641706000.0,-420688000.0,-420688000.0,463646000.0,False,377293000.0,36789000.0,1579892000.0,-1772956000.0,-0.9816493610379309,0.07309644361097001,Consumer Cyclical,🔴 Caro
HAPV3.SA,6.28,2983552256,2088566000.0,2088566000.0,-292837000.0,-292837000.0,1562229000.0,False,2718592000.0,91672000.0,2585894000.0,-3600429000.0,-1.2067591552182286,0.09962384207303487,Financial Services,🔴 Caro
PINE4.SA,11.88,2997290240,-74627000.0,-74627000.0,-18751000.0,-18751000.0,8338000.0,False,3577882000.0,142326000.0,0.0,-3813586000.0,-1.272344582818913,0.8400561404092712,Financial Services,🔴 Caro
ANIM3.SA,2.86,1080680064,631870000.0,631870000.0,-217325000.0,-217325000.0,427468000.0,False,890686000.0,3806000.0,1175863000.0,-1655810000.0,-1.532192602749818,0.04134290819286002,Consumer Defensive,🔴 Caro
ONCO3.SA,1.04,1171425664,-118627000.0,-118627000.0,-168118000.0,-168118000.0,297394000.0,False,636274000.0,508465000.0,512972000.0,-1944456000.0,-1.6599055832193208,0.11971830866876498,Healthcare,🔴 Caro
CSNA3.SA,5.4,7160907264,-973179000.0,-973179000.0,-5935897000.0,-5935897000.0,4150475000.0,False,4387611000.0,172792000.0,1093739000.0,-12563218000.0,-1.754417078288252,0.0032640949315481116,Basic Materials,🔴 Caro
BMGB4.SA,6.08,3906107136,-1226530000.0,-1226530000.0,-319873000.0,-319873000.0,180247000.0,False,5249674000.0,243591000.0,0.0,-7039668000.0,-1.8022209209573508,0.08086702678593771,Financial Services,🔴 Caro
SIMH3.SA,8.73,5096218624,-781548000.0,-781548000.0,-1162645000.0,-1162645000.0,4882131000.0,False,7544065000.0,38864000.0,2404754000.0,-11931876000.0,-2.341319492026565,0.2181310575249078,Industrials,🔴 Caro
BRKM5.SA,3.72,2964722432,-4200000000.0,-4200000000.0,-3132000000.0,-3132000000.0,4673000000.0,False,5250000000.0,8116000000.0,4151000000.0,-24849000000.0,-8.381560355124671,-0.09849043639394706,Basic Materials,🔴 Caro
RAIZ4.SA,0.29,3001145856,-3794829000.0,-3794829000.0,-8209973000.0,-8209973000.0,9669021000.0,False,3546366000.0,6638857000.0,6875720000.0,-29065745000.0,-9.684882506423573,-0.02786421092814262,Utilities,🔴 Caro
